{"voivodeship":"mazowieckie","city":"Warszawa"}
{"voivodeship":"małopolskie","city":"Kraków"}
{"voivodeship":"łódzkie","city":"Łódź"}
{"voivodeship":"dolnośląskie","city":"Wrocław"}
{"voivodeship":"wielkopolskie","city":"Poznań"}
{"voivodeship":"pomorskie","city":"Gdańsk"}
{"voivodeship":"zachodniopomorskie","city":"Szczecin"}
{"voivodeship":"kujawsko-pomorskie","city":"Bydgoszcz"}
{"voivodeship":"lubelskie","city":"Lublin"}
{"voivodeship":"śląskie","city":"Katowice"}
{"voivodeship":"podlaskie","city":"Białystok"}
{"voivodeship":"pomorskie","city":"Gdynia"}
{"voivodeship":"śląskie","city":"Częstochowa"}
{"voivodeship":"mazowieckie","city":"Radom"}
{"voivodeship":"śląskie","city":"Sosnowiec"}
{"voivodeship":"kujawsko-pomorskie","city":"Toruń"}
{"voivodeship":"świętokrzyskie","city":"Kielce"}
{"voivodeship":"śląskie","city":"Gliwice"}
{"voivodeship":"podkarpackie","city":"Rzeszów"}
{"voivodeship":"śląskie","city":"Zabrze"}
{"voivodeship":"warmińsko-mazurskie","city":"Olsztyn"}
{"voivodeship":"śląskie","city":"Bielsko-Biała"}
{"voivodeship":"śląskie","city":"Bytom"}
{"voivodeship":"śląskie","city":"Ruda Śląska"}
{"voivodeship":"śląskie","city":"Rybnik"}
{"voivodeship":"śląskie","city":"Tychy"}
{"voivodeship":"lubuskie","city":"Gorzów Wielkopolski"}
{"voivodeship":"śląskie","city":"Dąbrowa Górnicza"}
{"voivodeship":"warmińsko-mazurskie","city":"Elbląg"}
{"voivodeship":"mazowieckie","city":"Płock"}
{"voivodeship":"opolskie","city":"Opole"}
{"voivodeship":"lubuskie","city":"Zielona Góra"}
{"voivodeship":"dolnośląskie","city":"Wałbrzych"}
{"voivodeship":"kujawsko-pomorskie","city":"Włocławek"}
{"voivodeship":"małopolskie","city":"Tarnów"}
{"voivodeship":"śląskie","city":"Chorzów"}
{"voivodeship":"zachodniopomorskie","city":"Koszalin"}
{"voivodeship":"wielkopolskie","city":"Kalisz"}
{"voivodeship":"dolnośląskie","city":"Legnica"}
{"voivodeship":"kujawsko-pomorskie","city":"Grudziądz"}
{"voivodeship":"pomorskie","city":"Słupsk"}
{"voivodeship":"śląskie","city":"Jaworzno"}
{"voivodeship":"śląskie","city":"Jastrzębie-Zdrój"}
{"voivodeship":"małopolskie","city":"Nowy Sącz"}
{"voivodeship":"dolnośląskie","city":"Jelenia Góra"}
{"voivodeship":"wielkopolskie","city":"Konin"}
{"voivodeship":"mazowieckie","city":"Siedlce"}
{"voivodeship":"łódzkie","city":"Piotrków Trybunalski"}
{"voivodeship":"śląskie","city":"Mysłowice"}
{"voivodeship":"kujawsko-pomorskie","city":"Inowrocław"}
{"voivodeship":"wielkopolskie","city":"Piła"}
{"voivodeship":"dolnośląskie","city":"Lubin"}
{"voivodeship":"wielkopolskie","city":"Ostrów Wielkopolski"}
{"voivodeship":"świętokrzyskie","city":"Ostrowiec Świętokrzyski"}
{"voivodeship":"wielkopolskie","city":"Gniezno"}
{"voivodeship":"zachodniopomorskie","city":"Stargard"}
{"voivodeship":"podlaskie","city":"Suwałki"}
{"voivodeship":"dolnośląskie","city":"Głogów"}
{"voivodeship":"śląskie","city":"Siemianowice Śląskie"}
{"voivodeship":"łódzkie","city":"Pabianice"}
{"voivodeship":"lubelskie","city":"Chełm"}
{"voivodeship":"lubelskie","city":"Zamość"}
{"voivodeship":"łódzkie","city":"Tomaszów Mazowiecki"}
{"voivodeship":"wielkopolskie","city":"Leszno"}
{"voivodeship":"podkarpackie","city":"Stalowa Wola"}
{"voivodeship":"podkarpackie","city":"Przemyśl"}
{"voivodeship":"opolskie","city":"Kędzierzyn-Koźle"}
{"voivodeship":"podlaskie","city":"Łomża"}
{"voivodeship":"śląskie","city":"Żory"}
{"voivodeship":"podkarpackie","city":"Mielec"}
{"voivodeship":"śląskie","city":"Tarnowskie Góry"}
{"voivodeship":"pomorskie","city":"Tczew"}
{"voivodeship":"warmińsko-mazurskie","city":"Ełk"}
{"voivodeship":"mazowieckie","city":"Pruszków"}
{"voivodeship":"łódzkie","city":"Bełchatów"}
{"voivodeship":"dolnośląskie","city":"Świdnica"}
{"voivodeship":"śląskie","city":"Będzin"}
{"voivodeship":"lubelskie","city":"Biała Podlaska"}
{"voivodeship":"łódzkie","city":"Zgierz"}
{"voivodeship":"śląskie","city":"Piekary Śląskie"}
{"voivodeship":"śląskie","city":"Racibórz"}
{"voivodeship":"mazowieckie","city":"Legionowo"}
{"voivodeship":"mazowieckie","city":"Ostrołęka"}
{"voivodeship":"śląskie","city":"Świętochłowice"}
{"voivodeship":"śląskie","city":"Zawiercie"}
{"voivodeship":"świętokrzyskie","city":"Starachowice"}
{"voivodeship":"pomorskie","city":"Wejherowo"}
{"voivodeship":"lubelskie","city":"Puławy"}
{"voivodeship":"śląskie","city":"Wodzisław Śląski"}
{"voivodeship":"łódzkie","city":"Skierniewice"}
{"voivodeship":"pomorskie","city":"Starogard Gdański"}
{"voivodeship":"podkarpackie","city":"Tarnobrzeg"}
{"voivodeship":"łódzkie","city":"Radomsko"}
{"voivodeship":"świętokrzyskie","city":"Skarżysko-Kamienna"}
{"voivodeship":"pomorskie","city":"Rumia"}
{"voivodeship":"podkarpackie","city":"Krosno"}
{"voivodeship":"zachodniopomorskie","city":"Kołobrzeg"}
{"voivodeship":"podkarpackie","city":"Dębica"}
{"voivodeship":"łódzkie","city":"Kutno"}
{"voivodeship":"mazowieckie","city":"Otwock"}
{"voivodeship":"opolskie","city":"Nysa"}
{"voivodeship":"mazowieckie","city":"Piaseczno"}
{"voivodeship":"mazowieckie","city":"Ciechanów"}
{"voivodeship":"łódzkie","city":"Zduńska Wola"}
{"voivodeship":"łódzkie","city":"Sieradz"}
{"voivodeship":"zachodniopomorskie","city":"Świnoujście"}
{"voivodeship":"mazowieckie","city":"Żyrardów"}
{"voivodeship":"zachodniopomorskie","city":"Szczecinek"}
{"voivodeship":"pomorskie","city":"Chojnice"}
{"voivodeship":"lubelskie","city":"Świdnik"}
{"voivodeship":"mazowieckie","city":"Mińsk Mazowiecki"}
{"voivodeship":"śląskie","city":"Mikołów"}
{"voivodeship":"lubuskie","city":"Nowa Sól"}
{"voivodeship":"małopolskie","city":"Oświęcim"}
{"voivodeship":"dolnośląskie","city":"Bolesławiec"}
{"voivodeship":"podkarpackie","city":"Jarosław"}
{"voivodeship":"śląskie","city":"Knurów"}
{"voivodeship":"podkarpackie","city":"Sanok"}
{"voivodeship":"pomorskie","city":"Malbork"}
{"voivodeship":"pomorskie","city":"Kwidzyn"}
{"voivodeship":"lubuskie","city":"Żary"}
{"voivodeship":"małopolskie","city":"Chrzanów"}
{"voivodeship":"pomorskie","city":"Sopot"}
{"voivodeship":"mazowieckie","city":"Wołomin"}
{"voivodeship":"mazowieckie","city":"Sochaczew"}
{"voivodeship":"dolnośląskie","city":"Oleśnica"}
{"voivodeship":"opolskie","city":"Brzeg"}
{"voivodeship":"małopolskie","city":"Olkusz"}
{"voivodeship":"podkarpackie","city":"Jasło"}
{"voivodeship":"śląskie","city":"Cieszyn"}
{"voivodeship":"lubelskie","city":"Kraśnik"}
{"voivodeship":"śląskie","city":"Czechowice-Dziedzice"}
{"voivodeship":"pomorskie","city":"Lębork"}
{"voivodeship":"dolnośląskie","city":"Dzierżoniów"}
{"voivodeship":"warmińsko-mazurskie","city":"Ostróda"}
{"voivodeship":"małopolskie","city":"Nowy Targ"}
{"voivodeship":"zachodniopomorskie","city":"Police"}
{"voivodeship":"warmińsko-mazurskie","city":"Iława"}
{"voivodeship":"śląskie","city":"Czeladź"}
{"voivodeship":"śląskie","city":"Myszków"}
{"voivodeship":"dolnośląskie","city":"Oława"}
{"voivodeship":"śląskie","city":"Żywiec"}
{"voivodeship":"dolnośląskie","city":"Zgorzelec"}
{"voivodeship":"mazowieckie","city":"Ząbki"}
{"voivodeship":"dolnośląskie","city":"Bielawa"}
{"voivodeship":"wielkopolskie","city":"Swarzędz"}
{"voivodeship":"mazowieckie","city":"Mława"}
{"voivodeship":"lubelskie","city":"Łuków"}
{"voivodeship":"wielkopolskie","city":"Luboń"}
{"voivodeship":"podlaskie","city":"Augustów"}
{"voivodeship":"małopolskie","city":"Bochnia"}
{"voivodeship":"wielkopolskie","city":"Śrem"}
{"voivodeship":"warmińsko-mazurskie","city":"Giżycko"}
{"voivodeship":"mazowieckie","city":"Grodzisk Mazowiecki"}
{"voivodeship":"wielkopolskie","city":"Września"}
{"voivodeship":"łódzkie","city":"Łowicz"}
{"voivodeship":"wielkopolskie","city":"Krotoszyn"}
{"voivodeship":"mazowieckie","city":"Marki"}
{"voivodeship":"pomorskie","city":"Pruszcz Gdański"}
{"voivodeship":"kujawsko-pomorskie","city":"Brodnica"}
{"voivodeship":"śląskie","city":"Czerwionka-Leszczyny"}
{"voivodeship":"małopolskie","city":"Gorlice"}
{"voivodeship":"mazowieckie","city":"Nowy Dwór Mazowiecki"}
{"voivodeship":"wielkopolskie","city":"Turek"}
{"voivodeship":"warmińsko-mazurskie","city":"Kętrzyn"}
{"voivodeship":"dolnośląskie","city":"Kłodzko"}
{"voivodeship":"małopolskie","city":"Zakopane"}
{"voivodeship":"mazowieckie","city":"Wyszków"}
{"voivodeship":"lubelskie","city":"Biłgoraj"}
{"voivodeship":"lubuskie","city":"Żagań"}
{"voivodeship":"kujawsko-pomorskie","city":"Świecie"}
{"voivodeship":"podlaskie","city":"Bielsk Podlaski"}
{"voivodeship":"wielkopolskie","city":"Jarocin"}
{"voivodeship":"zachodniopomorskie","city":"Wałcz"}
{"voivodeship":"śląskie","city":"Pszczyna"}
{"voivodeship":"wielkopolskie","city":"Wągrowiec"}
{"voivodeship":"zachodniopomorskie","city":"Białogard"}
{"voivodeship":"świętokrzyskie","city":"Sandomierz"}
{"voivodeship":"opolskie","city":"Kluczbork"}
{"voivodeship":"warmińsko-mazurskie","city":"Bartoszyce"}
{"voivodeship":"warmińsko-mazurskie","city":"Szczytno"}
{"voivodeship":"śląskie","city":"Lubliniec"}
{"voivodeship":"małopolskie","city":"Skawina"}
{"voivodeship":"wielkopolskie","city":"Kościan"}
{"voivodeship":"dolnośląskie","city":"Jawor"}
{"voivodeship":"pomorskie","city":"Kościerzyna"}
{"voivodeship":"łódzkie","city":"Wieluń"}
{"voivodeship":"dolnośląskie","city":"Nowa Ruda"}
{"voivodeship":"dolnośląskie","city":"Świebodzice"}
{"voivodeship":"pomorskie","city":"Reda"}
{"voivodeship":"wielkopolskie","city":"Koło"}
{"voivodeship":"mazowieckie","city":"Piastów"}
{"voivodeship":"mazowieckie","city":"Ostrów Mazowiecka"}
{"voivodeship":"zachodniopomorskie","city":"Goleniów"}
{"voivodeship":"dolnośląskie","city":"Polkowice"}
{"voivodeship":"wielkopolskie","city":"Środa Wielkopolska"}
{"voivodeship":"lubelskie","city":"Lubartów"}
{"voivodeship":"mazowieckie","city":"Płońsk"}
{"voivodeship":"śląskie","city":"Łaziska Górne"}
{"voivodeship":"podlaskie","city":"Zambrów"}
{"voivodeship":"podlaskie","city":"Grajewo"}
{"voivodeship":"warmińsko-mazurskie","city":"Mrągowo"}
{"voivodeship":"łódzkie","city":"Opoczno"}
{"voivodeship":"lubuskie","city":"Świebodzin"}
{"voivodeship":"dolnośląskie","city":"Lubań"}
{"voivodeship":"śląskie","city":"Rydułtowy"}
{"voivodeship":"opolskie","city":"Prudnik"}
{"voivodeship":"zachodniopomorskie","city":"Gryfino"}
{"voivodeship":"podlaskie","city":"Hajnówka"}
{"voivodeship":"warmińsko-mazurskie","city":"Działdowo"}
{"voivodeship":"małopolskie","city":"Wieliczka"}
{"voivodeship":"łódzkie","city":"Aleksandrów Łódzki"}
{"voivodeship":"małopolskie","city":"Andrychów"}
{"voivodeship":"mazowieckie","city":"Kobyłka"}
{"voivodeship":"wielkopolskie","city":"Rawicz"}
{"voivodeship":"kujawsko-pomorskie","city":"Chełmno"}
{"voivodeship":"małopolskie","city":"Trzebinia"}
{"voivodeship":"świętokrzyskie","city":"Końskie"}
{"voivodeship":"wielkopolskie","city":"Gostyń"}
{"voivodeship":"łódzkie","city":"Ozorków"}
{"voivodeship":"dolnośląskie","city":"Kamienna Góra"}
{"voivodeship":"śląskie","city":"Orzesze"}
{"voivodeship":"lubelskie","city":"Tomaszów Lubelski"}
{"voivodeship":"lubelskie","city":"Łęczna"}
{"voivodeship":"mazowieckie","city":"Józefów"}
{"voivodeship":"śląskie","city":"Bieruń"}
{"voivodeship":"lubelskie","city":"Krasnystaw"}
{"voivodeship":"warmińsko-mazurskie","city":"Pisz"}
{"voivodeship":"wielkopolskie","city":"Chodzież"}
{"voivodeship":"mazowieckie","city":"Pionki"}
{"voivodeship":"mazowieckie","city":"Sulejówek"}
{"voivodeship":"małopolskie","city":"Wadowice"}
{"voivodeship":"mazowieckie","city":"Pułtusk"}
{"voivodeship":"kujawsko-pomorskie","city":"Nakło nad Notecią"}
{"voivodeship":"małopolskie","city":"Kęty"}
{"voivodeship":"mazowieckie","city":"Gostynin"}
{"voivodeship":"wielkopolskie","city":"Szamotuły"}
{"voivodeship":"podlaskie","city":"Sokółka"}
{"voivodeship":"mazowieckie","city":"Sokołów Podlaski"}
{"voivodeship":"śląskie","city":"Pyskowice"}
{"voivodeship":"wielkopolskie","city":"Złotów"}
{"voivodeship":"lubelskie","city":"Hrubieszów"}
{"voivodeship":"lubuskie","city":"Międzyrzecz"}
{"voivodeship":"mazowieckie","city":"Sierpc"}
{"voivodeship":"dolnośląskie","city":"Bogatynia"}
{"voivodeship":"opolskie","city":"Strzelce Opolskie"}
{"voivodeship":"wielkopolskie","city":"Oborniki"}
{"voivodeship":"małopolskie","city":"Myślenice"}
{"voivodeship":"mazowieckie","city":"Kozienice"}
{"voivodeship":"lubuskie","city":"Kostrzyn nad Odrą"}
{"voivodeship":"podkarpackie","city":"Łańcut"}
{"voivodeship":"łódzkie","city":"Łask"}
{"voivodeship":"śląskie","city":"Radlin"}
{"voivodeship":"łódzkie","city":"Rawa Mazowiecka"}
{"voivodeship":"łódzkie","city":"Konstantynów Łódzki"}
{"voivodeship":"wielkopolskie","city":"Pleszew"}
{"voivodeship":"lubuskie","city":"Sulechów"}
{"voivodeship":"mazowieckie","city":"Zielonka"}
{"voivodeship":"mazowieckie","city":"Konstancin-Jeziorna"}
{"voivodeship":"warmińsko-mazurskie","city":"Braniewo"}
{"voivodeship":"małopolskie","city":"Libiąż"}
{"voivodeship":"mazowieckie","city":"Przasnysz"}
{"voivodeship":"wielkopolskie","city":"Trzcianka"}
{"voivodeship":"mazowieckie","city":"Garwolin"}
{"voivodeship":"lubelskie","city":"Międzyrzec Podlaski"}
{"voivodeship":"małopolskie","city":"Brzesko"}
{"voivodeship":"lubelskie","city":"Dęblin"}
{"voivodeship":"śląskie","city":"Radzionków"}
{"voivodeship":"lubuskie","city":"Gubin"}
{"voivodeship":"zachodniopomorskie","city":"Nowogard"}
{"voivodeship":"opolskie","city":"Krapkowice"}
{"voivodeship":"zachodniopomorskie","city":"Gryfice"}
{"voivodeship":"lubuskie","city":"Słubice"}
{"voivodeship":"pomorskie","city":"Bytów"}
{"voivodeship":"kujawsko-pomorskie","city":"Rypin"}
{"voivodeship":"dolnośląskie","city":"Strzegom"}
{"voivodeship":"śląskie","city":"Lędziny"}
{"voivodeship":"świętokrzyskie","city":"Busko-Zdrój"}
{"voivodeship":"mazowieckie","city":"Łomianki"}
{"voivodeship":"warmińsko-mazurskie","city":"Olecko"}
{"voivodeship":"mazowieckie","city":"Grójec"}
{"voivodeship":"mazowieckie","city":"Milanówek"}
{"voivodeship":"warmińsko-mazurskie","city":"Lidzbark Warmiński"}
{"voivodeship":"pomorskie","city":"Ustka"}
{"voivodeship":"dolnośląskie","city":"Boguszów-Gorce"}
{"voivodeship":"lubelskie","city":"Radzyń Podlaski"}
{"voivodeship":"dolnośląskie","city":"Złotoryja"}
{"voivodeship":"opolskie","city":"Namysłów"}
{"voivodeship":"podlaskie","city":"Łapy"}
{"voivodeship":"śląskie","city":"Ustroń"}
{"voivodeship":"dolnośląskie","city":"Jelcz-Laskowice"}
{"voivodeship":"świętokrzyskie","city":"Jędrzejów"}
{"voivodeship":"podkarpackie","city":"Przeworsk"}
{"voivodeship":"zachodniopomorskie","city":"Świdwin"}
{"voivodeship":"zachodniopomorskie","city":"Choszczno"}
{"voivodeship":"dolnośląskie","city":"Ząbkowice Śląskie"}
{"voivodeship":"podkarpackie","city":"Ropczyce"}
{"voivodeship":"kujawsko-pomorskie","city":"Solec Kujawski"}
{"voivodeship":"podkarpackie","city":"Nisko"}
{"voivodeship":"pomorskie","city":"Władysławowo"}
{"voivodeship":"świętokrzyskie","city":"Staszów"}
{"voivodeship":"małopolskie","city":"Limanowa"}
{"voivodeship":"kujawsko-pomorskie","city":"Lipno"}
{"voivodeship":"kujawsko-pomorskie","city":"Chełmża"}
{"voivodeship":"wielkopolskie","city":"Nowy Tomyśl"}
{"voivodeship":"pomorskie","city":"Kartuzy"}
{"voivodeship":"łódzkie","city":"Głowno"}
{"voivodeship":"łódzkie","city":"Łęczyca"}
{"voivodeship":"podlaskie","city":"Siemiatycze"}
{"voivodeship":"śląskie","city":"Skoczów"}
{"voivodeship":"wielkopolskie","city":"Kępno"}
{"voivodeship":"lubuskie","city":"Lubsko"}
{"voivodeship":"wielkopolskie","city":"Ostrzeszów"}
{"voivodeship":"pomorskie","city":"Człuchów"}
{"voivodeship":"podkarpackie","city":"Leżajsk"}
{"voivodeship":"warmińsko-mazurskie","city":"Morąg"}
{"voivodeship":"wielkopolskie","city":"Grodzisk Wielkopolski"}
{"voivodeship":"lubuskie","city":"Wschowa"}
{"voivodeship":"warmińsko-mazurskie","city":"Nidzica"}
{"voivodeship":"zachodniopomorskie","city":"Barlinek"}
{"voivodeship":"opolskie","city":"Głuchołazy"}
{"voivodeship":"śląskie","city":"Pszów"}
{"voivodeship":"zachodniopomorskie","city":"Darłowo"}
{"voivodeship":"kujawsko-pomorskie","city":"Żnin"}
{"voivodeship":"dolnośląskie","city":"Chojnów"}
{"voivodeship":"zachodniopomorskie","city":"Dębno"}
{"voivodeship":"kujawsko-pomorskie","city":"Wąbrzeźno"}
{"voivodeship":"wielkopolskie","city":"Słupca"}
{"voivodeship":"kujawsko-pomorskie","city":"Tuchola"}
{"voivodeship":"warmińsko-mazurskie","city":"Gołdap"}
{"voivodeship":"lubelskie","city":"Włodawa"}
{"voivodeship":"wielkopolskie","city":"Wolsztyn"}
{"voivodeship":"łódzkie","city":"Koluszki"}
{"voivodeship":"śląskie","city":"Kłobuck"}
{"voivodeship":"zachodniopomorskie","city":"Złocieniec"}
{"voivodeship":"małopolskie","city":"Rabka-Zdrój"}
{"voivodeship":"mazowieckie","city":"Brwinów"}
{"voivodeship":"wielkopolskie","city":"Mosina"}
{"voivodeship":"opolskie","city":"Głubczyce"}
{"voivodeship":"dolnośląskie","city":"Trzebnica"}
{"voivodeship":"kujawsko-pomorskie","city":"Golub-Dobrzyń"}
{"voivodeship":"zachodniopomorskie","city":"Sławno"}
{"voivodeship":"zachodniopomorskie","city":"Pyrzyce"}
{"voivodeship":"mazowieckie","city":"Węgrów"}
{"voivodeship":"dolnośląskie","city":"Wołów"}
{"voivodeship":"łódzkie","city":"Brzeziny"}
{"voivodeship":"mazowieckie","city":"Błonie"}
{"voivodeship":"dolnośląskie","city":"Strzelin"}
{"voivodeship":"dolnośląskie","city":"Brzeg Dolny"}
{"voivodeship":"podkarpackie","city":"Lubaczów"}
{"voivodeship":"kujawsko-pomorskie","city":"Aleksandrów Kujawski"}
{"voivodeship":"warmińsko-mazurskie","city":"Pasłęk"}
{"voivodeship":"dolnośląskie","city":"Góra"}
{"voivodeship":"kujawsko-pomorskie","city":"Mogilno"}
{"voivodeship":"lubuskie","city":"Szprotawa"}
{"voivodeship":"lubelskie","city":"Janów Lubelski"}
{"voivodeship":"mazowieckie","city":"Szydłowiec"}
{"voivodeship":"lubuskie","city":"Krosno Odrzańskie"}
{"voivodeship":"opolskie","city":"Zdzieszowice"}
{"voivodeship":"zachodniopomorskie","city":"Drawsko Pomorskie"}
{"voivodeship":"małopolskie","city":"Dąbrowa Tarnowska"}
{"voivodeship":"małopolskie","city":"Miechów"}
{"voivodeship":"dolnośląskie","city":"Milicz"}
{"voivodeship":"mazowieckie","city":"Warka"}
{"voivodeship":"warmińsko-mazurskie","city":"Węgorzewo"}
{"voivodeship":"mazowieckie","city":"Góra Kalwaria"}
{"voivodeship":"małopolskie","city":"Brzeszcze"}
{"voivodeship":"zachodniopomorskie","city":"Myślibórz"}
{"voivodeship":"wielkopolskie","city":"Wronki"}
{"voivodeship":"dolnośląskie","city":"Kowary"}
{"voivodeship":"podkarpackie","city":"Nowa Dęba"}
{"voivodeship":"pomorskie","city":"Puck"}
{"voivodeship":"kujawsko-pomorskie","city":"Koronowo"}
{"voivodeship":"mazowieckie","city":"Radzymin"}
{"voivodeship":"wielkopolskie","city":"Rogoźno"}
{"voivodeship":"świętokrzyskie","city":"Pińczów"}
{"voivodeship":"śląskie","city":"Wisła"}
{"voivodeship":"wielkopolskie","city":"Czarnków"}
{"voivodeship":"warmińsko-mazurskie","city":"Nowe Miasto Lubawskie"}
{"voivodeship":"małopolskie","city":"Krynica-Zdrój"}
{"voivodeship":"lubelskie","city":"Parczew"}
{"voivodeship":"pomorskie","city":"Miastko"}
{"voivodeship":"małopolskie","city":"Niepołomice"}
{"voivodeship":"wielkopolskie","city":"Międzychód"}
{"voivodeship":"kujawsko-pomorskie","city":"Ciechocinek"}
{"voivodeship":"warmińsko-mazurskie","city":"Biskupiec"}
{"voivodeship":"warmińsko-mazurskie","city":"Dobre Miasto"}
{"voivodeship":"podlaskie","city":"Kolno"}
{"voivodeship":"mazowieckie","city":"Ożarów Mazowiecki"}
{"voivodeship":"świętokrzyskie","city":"Włoszczowa"}
{"voivodeship":"podlaskie","city":"Wasilków"}
{"voivodeship":"dolnośląskie","city":"Bystrzyca Kłodzka"}
{"voivodeship":"lubuskie","city":"Drezdenko"}
{"voivodeship":"zachodniopomorskie","city":"Łobez"}
{"voivodeship":"małopolskie","city":"Bukowno"}
{"voivodeship":"wielkopolskie","city":"Murowana Goślina"}
{"voivodeship":"dolnośląskie","city":"Syców"}
{"voivodeship":"podlaskie","city":"Mońki"}
{"voivodeship":"pomorskie","city":"Sztum"}
{"voivodeship":"małopolskie","city":"Krzeszowice"}
{"voivodeship":"lubuskie","city":"Sulęcin"}
{"voivodeship":"dolnośląskie","city":"Kudowa-Zdrój"}
{"voivodeship":"zachodniopomorskie","city":"Trzebiatów"}
{"voivodeship":"lubuskie","city":"Strzelce Krajeńskie"}
{"voivodeship":"mazowieckie","city":"Karczew"}
{"voivodeship":"mazowieckie","city":"Maków Mazowiecki"}
{"voivodeship":"warmińsko-mazurskie","city":"Lubawa"}
{"voivodeship":"pomorskie","city":"Nowy Dwór Gdański"}
{"voivodeship":"pomorskie","city":"Czersk"}
{"voivodeship":"lubelskie","city":"Ryki"}
{"voivodeship":"lubuskie","city":"Skwierzyna"}
{"voivodeship":"śląskie","city":"Blachownia"}
{"voivodeship":"wielkopolskie","city":"Puszczykowo"}
{"voivodeship":"lubuskie","city":"Kożuchów"}
{"voivodeship":"podlaskie","city":"Czarna Białostocka"}
{"voivodeship":"lubelskie","city":"Poniatowa"}
{"voivodeship":"dolnośląskie","city":"Pieszyce"}
{"voivodeship":"opolskie","city":"Olesno"}
{"voivodeship":"wielkopolskie","city":"Opalenica"}
{"voivodeship":"kujawsko-pomorskie","city":"Szubin"}
{"voivodeship":"podlaskie","city":"Wysokie Mazowieckie"}
{"voivodeship":"wielkopolskie","city":"Kostrzyn"}
{"voivodeship":"małopolskie","city":"Sucha Beskidzka"}
{"voivodeship":"podkarpackie","city":"Ustrzyki Dolne"}
{"voivodeship":"kujawsko-pomorskie","city":"Sępólno Krajeńskie"}
{"voivodeship":"podkarpackie","city":"Kolbuszowa"}
{"voivodeship":"dolnośląskie","city":"Środa Śląska"}
{"voivodeship":"dolnośląskie","city":"Lwówek Śląski"}
{"voivodeship":"opolskie","city":"Ozimek"}
{"voivodeship":"małopolskie","city":"Chełmek"}
{"voivodeship":"kujawsko-pomorskie","city":"Kruszwica"}
{"voivodeship":"dolnośląskie","city":"Ziębice"}
{"voivodeship":"małopolskie","city":"Stary Sącz"}
{"voivodeship":"śląskie","city":"Wojkowice"}
{"voivodeship":"kujawsko-pomorskie","city":"Janikowo"}
{"voivodeship":"zachodniopomorskie","city":"Kamień Pomorski"}
{"voivodeship":"warmińsko-mazurskie","city":"Orneta"}
{"voivodeship":"wielkopolskie","city":"Pobiedziska"}
{"voivodeship":"dolnośląskie","city":"Oborniki Śląskie"}
{"voivodeship":"mazowieckie","city":"Żuromin"}
{"voivodeship":"podkarpackie","city":"Strzyżów"}
{"voivodeship":"małopolskie","city":"Wolbrom"}
{"voivodeship":"opolskie","city":"Grodków"}
{"voivodeship":"lubelskie","city":"Opole Lubelskie"}
{"voivodeship":"pomorskie","city":"Prabuty"}
{"voivodeship":"śląskie","city":"Poręba"}
{"voivodeship":"łódzkie","city":"Wieruszów"}
{"voivodeship":"świętokrzyskie","city":"Suchedniów"}
{"voivodeship":"wielkopolskie","city":"Jastrowie"}
{"voivodeship":"śląskie","city":"Imielin"}
{"voivodeship":"śląskie","city":"Kalety"}
{"voivodeship":"łódzkie","city":"Żychlin"}
{"voivodeship":"zachodniopomorskie","city":"Połczyn-Zdrój"}
{"voivodeship":"świętokrzyskie","city":"Połaniec"}
{"voivodeship":"pomorskie","city":"Pelplin"}
{"voivodeship":"dolnośląskie","city":"Chocianów"}
{"voivodeship":"warmińsko-mazurskie","city":"Lidzbark"}
{"voivodeship":"mazowieckie","city":"Zwoleń"}
{"voivodeship":"wielkopolskie","city":"Witkowo"}
{"voivodeship":"mazowieckie","city":"Tłuszcz"}
{"voivodeship":"wielkopolskie","city":"Pniewy"}
{"voivodeship":"opolskie","city":"Praszka"}
{"voivodeship":"opolskie","city":"Paczków"}
{"voivodeship":"małopolskie","city":"Mszana Dolna"}
{"voivodeship":"wielkopolskie","city":"Trzemeszno"}
{"voivodeship":"łódzkie","city":"Zelów"}
{"voivodeship":"łódzkie","city":"Poddębice"}
{"voivodeship":"kujawsko-pomorskie","city":"Barcin"}
{"voivodeship":"warmińsko-mazurskie","city":"Olsztynek"}
{"voivodeship":"mazowieckie","city":"Nasielsk"}
{"voivodeship":"opolskie","city":"Zawadzkie"}
{"voivodeship":"podkarpackie","city":"Brzozów"}
{"voivodeship":"wielkopolskie","city":"Kórnik"}
{"voivodeship":"podkarpackie","city":"Sędziszów Małopolski"}
{"voivodeship":"śląskie","city":"Miasteczko Śląskie"}
{"voivodeship":"łódzkie","city":"Tuszyn"}
{"voivodeship":"zachodniopomorskie","city":"Chojna"}
{"voivodeship":"kujawsko-pomorskie","city":"Gniewkowo"}
{"voivodeship":"warmińsko-mazurskie","city":"Barczewo"}
{"voivodeship":"wielkopolskie","city":"Zbąszyń"}
{"voivodeship":"zachodniopomorskie","city":"Czaplinek"}
{"voivodeship":"mazowieckie","city":"Białobrzegi"}
{"voivodeship":"śląskie","city":"Sławków"}
{"voivodeship":"mazowieckie","city":"Łosice"}
{"voivodeship":"pomorskie","city":"Skarszewy"}
{"voivodeship":"śląskie","city":"Łazy"}
{"voivodeship":"dolnośląskie","city":"Sobótka"}
{"voivodeship":"lubuskie","city":"Witnica"}
{"voivodeship":"dolnośląskie","city":"Gryfów Śląski"}
{"voivodeship":"dolnośląskie","city":"Żarów"}
{"voivodeship":"pomorskie","city":"Gniew"}
{"voivodeship":"dolnośląskie","city":"Szklarska Poręba"}
{"voivodeship":"podkarpackie","city":"Rudnik nad Sanem"}
{"voivodeship":"łódzkie","city":"Pajęczno"}
{"voivodeship":"mazowieckie","city":"Łochów"}
{"voivodeship":"świętokrzyskie","city":"Opatów"}
{"voivodeship":"lubelskie","city":"Bełżyce"}
{"voivodeship":"dolnośląskie","city":"Twardogóra"}
{"voivodeship":"wielkopolskie","city":"Kłodawa"}
{"voivodeship":"małopolskie","city":"Tuchów"}
{"voivodeship":"świętokrzyskie","city":"Sędziszów"}
{"voivodeship":"wielkopolskie","city":"Koźmin Wielkopolski"}
{"voivodeship":"dolnośląskie","city":"Piława Górna"}
{"voivodeship":"lubuskie","city":"Rzepin"}
{"voivodeship":"zachodniopomorskie","city":"Sianów"}
{"voivodeship":"dolnośląskie","city":"Polanica-Zdrój"}
{"voivodeship":"dolnośląskie","city":"Głuszyca"}
{"voivodeship":"opolskie","city":"Niemodlin"}
{"voivodeship":"opolskie","city":"Gogolin"}
{"voivodeship":"pomorskie","city":"Żukowo"}
{"voivodeship":"małopolskie","city":"Sułkowice"}
{"voivodeship":"dolnośląskie","city":"Piechowice"}
{"voivodeship":"dolnośląskie","city":"Żmigród"}
{"voivodeship":"dolnośląskie","city":"Przemków"}
{"voivodeship":"mazowieckie","city":"Mszczonów"}
{"voivodeship":"małopolskie","city":"Dobczyce"}
{"voivodeship":"dolnośląskie","city":"Kąty Wrocławskie"}
{"voivodeship":"łódzkie","city":"Sulejów"}
{"voivodeship":"dolnośląskie","city":"Lubawka"}
{"voivodeship":"wielkopolskie","city":"Buk"}
{"voivodeship":"wielkopolskie","city":"Krzyż Wielkopolski"}
{"voivodeship":"kujawsko-pomorskie","city":"Nowe"}
{"voivodeship":"podkarpackie","city":"Dynów"}
{"voivodeship":"małopolskie","city":"Proszowice"}
{"voivodeship":"podkarpackie","city":"Nowa Sarzyna"}
{"voivodeship":"łódzkie","city":"Działoszyn"}
{"voivodeship":"śląskie","city":"Koniecpol"}
{"voivodeship":"mazowieckie","city":"Przysucha"}
{"voivodeship":"opolskie","city":"Kietrz"}
{"voivodeship":"podkarpackie","city":"Głogów Małopolski"}
{"voivodeship":"wielkopolskie","city":"Sieraków"}
{"voivodeship":"pomorskie","city":"Czarne"}
{"voivodeship":"małopolskie","city":"Grybów"}
{"voivodeship":"dolnośląskie","city":"Siechnice"}
{"voivodeship":"małopolskie","city":"Maków Podhalański"}
{"voivodeship":"dolnośląskie","city":"Stronie Śląskie"}
{"voivodeship":"wielkopolskie","city":"Wieleń"}
{"voivodeship":"opolskie","city":"Lewin Brzeski"}
{"voivodeship":"świętokrzyskie","city":"Stąporków"}
{"voivodeship":"opolskie","city":"Wołczyn"}
{"voivodeship":"małopolskie","city":"Szczawnica"}
{"voivodeship":"małopolskie","city":"Piwniczna-Zdrój"}
{"voivodeship":"zachodniopomorskie","city":"Karlino"}
{"voivodeship":"kujawsko-pomorskie","city":"Więcbork"}
{"voivodeship":"dolnośląskie","city":"Pieńsk"}
{"voivodeship":"dolnośląskie","city":"Lądek-Zdrój"}
{"voivodeship":"podlaskie","city":"Dąbrowa Białostocka"}
{"voivodeship":"podkarpackie","city":"Boguchwała"}
{"voivodeship":"wielkopolskie","city":"Stęszew"}
{"voivodeship":"kujawsko-pomorskie","city":"Radziejów"}
{"voivodeship":"mazowieckie","city":"Lipsko"}
{"voivodeship":"lubelskie","city":"Terespol"}
{"voivodeship":"kujawsko-pomorskie","city":"Strzelno"}
{"voivodeship":"dolnośląskie","city":"Ścinawa"}
{"voivodeship":"warmińsko-mazurskie","city":"Orzysz"}
{"voivodeship":"dolnośląskie","city":"Szczawno-Zdrój"}
{"voivodeship":"podlaskie","city":"Choroszcz"}
{"voivodeship":"opolskie","city":"Głogówek"}
{"voivodeship":"kujawsko-pomorskie","city":"Pakość"}
{"voivodeship":"śląskie","city":"Szczyrk"}
{"voivodeship":"podkarpackie","city":"Jedlicze"}
{"voivodeship":"świętokrzyskie","city":"Kazimierza Wielka"}
{"voivodeship":"warmińsko-mazurskie","city":"Susz"}
{"voivodeship":"podlaskie","city":"Sejny"}
{"voivodeship":"podkarpackie","city":"Lesko"}
{"voivodeship":"wielkopolskie","city":"Śmigiel"}
{"voivodeship":"pomorskie","city":"Dzierzgoń"}
{"voivodeship":"podkarpackie","city":"Radymno"}
{"voivodeship":"śląskie","city":"Kuźnia Raciborska"}
{"voivodeship":"zachodniopomorskie","city":"Międzyzdroje"}
{"voivodeship":"śląskie","city":"Siewierz"}
{"voivodeship":"dolnośląskie","city":"Szczytna"}
{"voivodeship":"dolnośląskie","city":"Bolków"}
{"voivodeship":"wielkopolskie","city":"Czempiń"}
{"voivodeship":"małopolskie","city":"Jordanów"}
{"voivodeship":"lubelskie","city":"Szczebrzeszyn"}
{"voivodeship":"pomorskie","city":"Debrzno"}
{"voivodeship":"dolnośląskie","city":"Jaworzyna Śląska"}
{"voivodeship":"wielkopolskie","city":"Wyrzysk"}
{"voivodeship":"lubelskie","city":"Bychawa"}
{"voivodeship":"lubuskie","city":"Nowogród Bobrzański"}
{"voivodeship":"wielkopolskie","city":"Odolanów"}
{"voivodeship":"podkarpackie","city":"Zagórz"}
{"voivodeship":"lubuskie","city":"Zbąszynek"}
{"voivodeship":"małopolskie","city":"Muszyna"}
{"voivodeship":"opolskie","city":"Otmuchów"}
{"voivodeship":"mazowieckie","city":"Iłża"}
{"voivodeship":"pomorskie","city":"Brusy"}
{"voivodeship":"dolnośląskie","city":"Bierutów"}
{"voivodeship":"dolnośląskie","city":"Jedlina-Zdrój"}
{"voivodeship":"zachodniopomorskie","city":"Wolin"}
{"voivodeship":"dolnośląskie","city":"Karpacz"}
{"voivodeship":"mazowieckie","city":"Łaskarzew"}
{"voivodeship":"zachodniopomorskie","city":"Borne Sulinowo"}
{"voivodeship":"dolnośląskie","city":"Duszniki-Zdrój"}
{"voivodeship":"podlaskie","city":"Ciechanowiec"}
{"voivodeship":"wielkopolskie","city":"Nowe Skalmierzyce"}
{"voivodeship":"warmińsko-mazurskie","city":"Reszel"}
{"voivodeship":"podkarpackie","city":"Pilzno"}
{"voivodeship":"kujawsko-pomorskie","city":"Kcynia"}
{"voivodeship":"świętokrzyskie","city":"Ożarów"}
{"voivodeship":"kujawsko-pomorskie","city":"Brześć Kujawski"}
{"voivodeship":"małopolskie","city":"Biecz"}
{"voivodeship":"warmińsko-mazurskie","city":"Ruciane-Nida"}
{"voivodeship":"podlaskie","city":"Supraśl"}
{"voivodeship":"mazowieckie","city":"Raciąż"}
{"voivodeship":"dolnośląskie","city":"Leśna"}
{"voivodeship":"małopolskie","city":"Kalwaria Zebrzydowska"}
{"voivodeship":"wielkopolskie","city":"Zduny"}
{"voivodeship":"warmińsko-mazurskie","city":"Korsze"}
{"voivodeship":"łódzkie","city":"Krośniewice"}
{"voivodeship":"kujawsko-pomorskie","city":"Łabiszyn"}
{"voivodeship":"lubelskie","city":"Rejowiec Fabryczny"}
{"voivodeship":"śląskie","city":"Żarki"}
{"voivodeship":"wielkopolskie","city":"Golina"}
{"voivodeship":"dolnośląskie","city":"Olszyna"}
{"voivodeship":"lubuskie","city":"Jasień"}
{"voivodeship":"śląskie","city":"Woźniki"}
{"voivodeship":"śląskie","city":"Krzepice"}
{"voivodeship":"kujawsko-pomorskie","city":"Piotrków Kujawski"}
{"voivodeship":"lubuskie","city":"Bytom Odrzański"}
{"voivodeship":"mazowieckie","city":"Pilawa"}
{"voivodeship":"świętokrzyskie","city":"Chęciny"}
{"voivodeship":"małopolskie","city":"Słomniki"}
{"voivodeship":"kujawsko-pomorskie","city":"Mrocza"}
{"voivodeship":"śląskie","city":"Ogrodzieniec"}
{"voivodeship":"zachodniopomorskie","city":"Kalisz Pomorski"}
{"voivodeship":"zachodniopomorskie","city":"Resko"}
{"voivodeship":"dolnośląskie","city":"Zawidów"}
{"voivodeship":"wielkopolskie","city":"Szamocin"}
{"voivodeship":"dolnośląskie","city":"Świeradów-Zdrój"}
{"voivodeship":"pomorskie","city":"Nowy Staw"}
{"voivodeship":"mazowieckie","city":"Skaryszew"}
{"voivodeship":"dolnośląskie","city":"Mieroszów"}
{"voivodeship":"warmińsko-mazurskie","city":"Górowo Iławeckie"}
{"voivodeship":"kujawsko-pomorskie","city":"Kowalewo Pomorskie"}
{"voivodeship":"wielkopolskie","city":"Kleczew"}
{"voivodeship":"dolnośląskie","city":"Nowogrodziec"}
{"voivodeship":"małopolskie","city":"Żabno"}
{"voivodeship":"zachodniopomorskie","city":"Bobolice"}
{"voivodeship":"lubuskie","city":"Czerwieńsk"}
{"voivodeship":"wielkopolskie","city":"Krobia"}
{"voivodeship":"małopolskie","city":"Szczucin"}
{"voivodeship":"wielkopolskie","city":"Skoki"}
{"voivodeship":"mazowieckie","city":"Gąbin"}
{"voivodeship":"mazowieckie","city":"Serock"}
{"voivodeship":"mazowieckie","city":"Tarczyn"}
{"voivodeship":"warmińsko-mazurskie","city":"Biała Piska"}
{"voivodeship":"zachodniopomorskie","city":"Płoty"}
{"voivodeship":"kujawsko-pomorskie","city":"Janowiec Wielkopolski"}
{"voivodeship":"zachodniopomorskie","city":"Lipiany"}
{"voivodeship":"mazowieckie","city":"Żelechów"}
{"voivodeship":"dolnośląskie","city":"Mirsk"}
{"voivodeship":"podkarpackie","city":"Sokołów Małopolski"}
{"voivodeship":"lubuskie","city":"Babimost"}
{"voivodeship":"lubelskie","city":"Nałęczów"}
{"voivodeship":"lubuskie","city":"Iłowa"}
{"voivodeship":"łódzkie","city":"Drzewica"}
{"voivodeship":"wielkopolskie","city":"Okonek"}
{"voivodeship":"świętokrzyskie","city":"Małogoszcz"}
{"voivodeship":"świętokrzyskie","city":"Chmielnik"}
{"voivodeship":"mazowieckie","city":"Nowe Miasto nad Pilicą"}
{"voivodeship":"lubuskie","city":"Sława"}
{"voivodeship":"lubuskie","city":"Ośno Lubuskie"}
{"voivodeship":"warmińsko-mazurskie","city":"Mikołajki"}
{"voivodeship":"pomorskie","city":"Jastarnia"}
{"voivodeship":"mazowieckie","city":"Podkowa Leśna"}
{"voivodeship":"podlaskie","city":"Brańsk"}
{"voivodeship":"dolnośląskie","city":"Wojcieszów"}
{"voivodeship":"zachodniopomorskie","city":"Barwice"}
{"voivodeship":"wielkopolskie","city":"Ujście"}
{"voivodeship":"kujawsko-pomorskie","city":"Jabłonowo Pomorskie"}
{"voivodeship":"pomorskie","city":"Łeba"}
{"voivodeship":"wielkopolskie","city":"Krajenka"}
{"voivodeship":"opolskie","city":"Dobrodzień"}
{"voivodeship":"pomorskie","city":"Kępice"}
{"voivodeship":"małopolskie","city":"Skała"}
{"voivodeship":"podkarpackie","city":"Pruchnik"}
{"voivodeship":"śląskie","city":"Szczekociny"}
{"voivodeship":"lubuskie","city":"Kargowa"}
{"voivodeship":"opolskie","city":"Byczyna"}
{"voivodeship":"podkarpackie","city":"Rymanów"}
{"voivodeship":"łódzkie","city":"Przedbórz"}
{"voivodeship":"małopolskie","city":"Zator"}
{"voivodeship":"wielkopolskie","city":"Sompolno"}
{"voivodeship":"kujawsko-pomorskie","city":"Skępe"}
{"voivodeship":"pomorskie","city":"Hel"}
{"voivodeship":"śląskie","city":"Toszek"}
{"voivodeship":"mazowieckie","city":"Halinów"}
{"voivodeship":"dolnośląskie","city":"Prochowice"}
{"voivodeship":"śląskie","city":"Strumień"}
{"voivodeship":"podkarpackie","city":"Tyczyn"}
{"voivodeship":"wielkopolskie","city":"Miłosław"}
{"voivodeship":"wielkopolskie","city":"Nekla"}
{"voivodeship":"zachodniopomorskie","city":"Mieszkowice"}
{"voivodeship":"pomorskie","city":"Skórcz"}
{"voivodeship":"lubuskie","city":"Małomice"}
{"voivodeship":"kujawsko-pomorskie","city":"Kowal"}
{"voivodeship":"łódzkie","city":"Stryków"}
{"voivodeship":"wielkopolskie","city":"Rakoniewice"}
{"voivodeship":"podlaskie","city":"Szczuczyn"}
{"voivodeship":"lubelskie","city":"Tarnogród"}
{"voivodeship":"łódzkie","city":"Rzgów"}
{"voivodeship":"małopolskie","city":"Alwernia"}
{"voivodeship":"wielkopolskie","city":"Gołańcz"}
{"voivodeship":"lubelskie","city":"Kock"}
{"voivodeship":"małopolskie","city":"Wojnicz"}
{"voivodeship":"wielkopolskie","city":"Tuliszków"}
{"voivodeship":"kujawsko-pomorskie","city":"Łasin"}
{"voivodeship":"łódzkie","city":"Złoczew"}
{"voivodeship":"opolskie","city":"Kolonowskie"}
{"voivodeship":"lubelskie","city":"Zwierzyniec"}
{"voivodeship":"warmińsko-mazurskie","city":"Jeziorany"}
{"voivodeship":"łódzkie","city":"Warta"}
{"voivodeship":"zachodniopomorskie","city":"Maszewo"}
{"voivodeship":"lubuskie","city":"Gozdnica"}
{"voivodeship":"wielkopolskie","city":"Miejska Górka"}
{"voivodeship":"łódzkie","city":"Biała Rawska"}
{"voivodeship":"mazowieckie","city":"Zakroczym"}
{"voivodeship":"podkarpackie","city":"Kańczuga"}
{"voivodeship":"wielkopolskie","city":"Kobylin"}
{"voivodeship":"wielkopolskie","city":"Pyzdry"}
{"voivodeship":"zachodniopomorskie","city":"Chociwel"}
{"voivodeship":"podlaskie","city":"Michałowo"}
{"voivodeship":"mazowieckie","city":"Myszyniec"}
{"voivodeship":"lubuskie","city":"Dobiegniew"}
{"voivodeship":"kujawsko-pomorskie","city":"Lubraniec"}
{"voivodeship":"świętokrzyskie","city":"Ćmielów"}
{"voivodeship":"wielkopolskie","city":"Ślesin"}
{"voivodeship":"mazowieckie","city":"Glinojeck"}
{"voivodeship":"dolnośląskie","city":"Niemcza"}
{"voivodeship":"lubelskie","city":"Krasnobród"}
{"voivodeship":"świętokrzyskie","city":"Kunów"}
{"voivodeship":"podkarpackie","city":"Radomyśl Wielki"}
{"voivodeship":"łódzkie","city":"Uniejów"}
{"voivodeship":"wielkopolskie","city":"Zagórów"}
{"voivodeship":"wielkopolskie","city":"Lwówek"}
{"voivodeship":"podkarpackie","city":"Oleszyce"}
{"voivodeship":"wielkopolskie","city":"Łobżenica"}
{"voivodeship":"zachodniopomorskie","city":"Mirosławiec"}
{"voivodeship":"wielkopolskie","city":"Margonin"}
{"voivodeship":"dolnośląskie","city":"Węgliniec"}
{"voivodeship":"zachodniopomorskie","city":"Polanów"}
{"voivodeship":"śląskie","city":"Wilamowice"}
{"voivodeship":"małopolskie","city":"Bobowa"}
{"voivodeship":"opolskie","city":"Baborów"}
{"voivodeship":"mazowieckie","city":"Drobin"}
{"voivodeship":"zachodniopomorskie","city":"Recz"}
{"voivodeship":"wielkopolskie","city":"Bojanowo"}
{"voivodeship":"warmińsko-mazurskie","city":"Pieniężno"}
{"voivodeship":"mazowieckie","city":"Chorzele"}
{"voivodeship":"dolnośląskie","city":"Złoty Stok"}
{"voivodeship":"mazowieckie","city":"Kałuszyn"}
{"voivodeship":"warmińsko-mazurskie","city":"Ryn"}
{"voivodeship":"świętokrzyskie","city":"Daleszyce"}
{"voivodeship":"wielkopolskie","city":"Poniec"}
{"voivodeship":"zachodniopomorskie","city":"Węgorzyno"}
{"voivodeship":"wielkopolskie","city":"Sulmierzyce"}
{"voivodeship":"łódzkie","city":"Kamieńsk"}
{"voivodeship":"lubuskie","city":"Nowe Miasteczko"}
{"voivodeship":"małopolskie","city":"Ryglice"}
{"voivodeship":"świętokrzyskie","city":"Wąchock"}
{"voivodeship":"podlaskie","city":"Knyszyn"}
{"voivodeship":"lubuskie","city":"Cybinka"}
{"voivodeship":"dolnośląskie","city":"Wąsosz"}
{"voivodeship":"warmińsko-mazurskie","city":"Tolkmicko"}
{"voivodeship":"wielkopolskie","city":"Książ Wielkopolski"}
{"voivodeship":"małopolskie","city":"Radłów"}
{"voivodeship":"zachodniopomorskie","city":"Golczewo"}
{"voivodeship":"kujawsko-pomorskie","city":"Izbica Kujawska"}
{"voivodeship":"wielkopolskie","city":"Rydzyna"}
{"voivodeship":"wielkopolskie","city":"Wysoka"}
{"voivodeship":"małopolskie","city":"Nowy Wiśnicz"}
{"voivodeship":"dolnośląskie","city":"Bardo"}
{"voivodeship":"zachodniopomorskie","city":"Dziwnów"}
{"voivodeship":"mazowieckie","city":"Różan"}
{"voivodeship":"dolnośląskie","city":"Międzylesie"}
{"voivodeship":"podkarpackie","city":"Brzostek"}
{"voivodeship":"opolskie","city":"Leśnica"}
{"voivodeship":"mazowieckie","city":"Wyszogród"}
{"voivodeship":"lubelskie","city":"Stoczek Łukowski"}
{"voivodeship":"opolskie","city":"Prószków"}
{"voivodeship":"lubelskie","city":"Piaski"}
{"voivodeship":"wielkopolskie","city":"Kłecko"}
{"voivodeship":"lubelskie","city":"Annopol"}
{"voivodeship":"warmińsko-mazurskie","city":"Miłakowo"}
{"voivodeship":"zachodniopomorskie","city":"Pełczyce"}
{"voivodeship":"wielkopolskie","city":"Czerniejewo"}
{"voivodeship":"podlaskie","city":"Czyżew"}
{"voivodeship":"lubelskie","city":"Kazimierz Dolny"}
{"voivodeship":"lubuskie","city":"Łęknica"}
{"voivodeship":"lubuskie","city":"Torzym"}
{"voivodeship":"świętokrzyskie","city":"Koprzywnica"}
{"voivodeship":"warmińsko-mazurskie","city":"Pasym"}
{"voivodeship":"wielkopolskie","city":"Borek Wielkopolski"}
{"voivodeship":"zachodniopomorskie","city":"Tychowo"}
{"voivodeship":"opolskie","city":"Gorzów Śląski"}
{"voivodeship":"lubelskie","city":"Józefów"}
{"voivodeship":"opolskie","city":"Biała"}
{"voivodeship":"podlaskie","city":"Krynki"}
{"voivodeship":"lubuskie","city":"Trzciel"}
{"voivodeship":"podlaskie","city":"Zabłudów"}
{"voivodeship":"warmińsko-mazurskie","city":"Bisztynek"}
{"voivodeship":"dolnośląskie","city":"Radków"}
{"voivodeship":"małopolskie","city":"Ciężkowice"}
{"voivodeship":"warmińsko-mazurskie","city":"Frombork"}
{"voivodeship":"zachodniopomorskie","city":"Gościno"}
{"voivodeship":"zachodniopomorskie","city":"Trzcińsko-Zdrój"}
{"voivodeship":"podlaskie","city":"Lipsk"}
{"voivodeship":"śląskie","city":"Koziegłowy"}
{"voivodeship":"warmińsko-mazurskie","city":"Miłomłyn"}
{"voivodeship":"małopolskie","city":"Świątniki Górne"}
{"voivodeship":"łódzkie","city":"Wolbórz"}
{"voivodeship":"zachodniopomorskie","city":"Dobrzany"}
{"voivodeship":"mazowieckie","city":"Mogielnica"}
{"voivodeship":"wielkopolskie","city":"Obrzycko"}
{"voivodeship":"dolnośląskie","city":"Międzybórz"}
{"voivodeship":"podlaskie","city":"Stawiski"}
{"voivodeship":"dolnośląskie","city":"Świerzawa"}
{"voivodeship":"wielkopolskie","city":"Rychwał"}
{"voivodeship":"kujawsko-pomorskie","city":"Kamień Krajeński"}
{"voivodeship":"zachodniopomorskie","city":"Dobra"}
{"voivodeship":"małopolskie","city":"Czchów"}
{"voivodeship":"zachodniopomorskie","city":"Człopa"}
{"voivodeship":"zachodniopomorskie","city":"Drawno"}
{"voivodeship":"dolnośląskie","city":"Wiązów"}
{"voivodeship":"podlaskie","city":"Szepietowo"}
{"voivodeship":"kujawsko-pomorskie","city":"Dobrzyń nad Wisłą"}
{"voivodeship":"dolnośląskie","city":"Prusice"}
{"voivodeship":"podlaskie","city":"Suchowola"}
{"voivodeship":"świętokrzyskie","city":"Bodzentyn"}
{"voivodeship":"łódzkie","city":"Błaszki"}
{"voivodeship":"wielkopolskie","city":"Osieczna"}
{"voivodeship":"zachodniopomorskie","city":"Biały Bór"}
{"voivodeship":"warmińsko-mazurskie","city":"Zalewo"}
{"voivodeship":"lubelskie","city":"Ostrów Lubelski"}
{"voivodeship":"podlaskie","city":"Nowogród"}
{"voivodeship":"śląskie","city":"Krzanowice"}
{"voivodeship":"lubelskie","city":"Łaszczów"}
{"voivodeship":"mazowieckie","city":"Kosów Lacki"}
{"voivodeship":"podkarpackie","city":"Sieniawa"}
{"voivodeship":"podkarpackie","city":"Błażowa"}
{"voivodeship":"lubelskie","city":"Tyszowce"}
{"voivodeship":"podkarpackie","city":"Dukla"}
{"voivodeship":"warmińsko-mazurskie","city":"Kisielice"}
{"voivodeship":"wielkopolskie","city":"Żerków"}
{"voivodeship":"podlaskie","city":"Drohiczyn"}
{"voivodeship":"podkarpackie","city":"Narol"}
{"voivodeship":"wielkopolskie","city":"Dąbie"}
{"voivodeship":"wielkopolskie","city":"Raszków"}
{"voivodeship":"warmińsko-mazurskie","city":"Sępopol"}
{"voivodeship":"wielkopolskie","city":"Pogorzela"}
{"voivodeship":"lubuskie","city":"Lubniewice"}
{"voivodeship":"zachodniopomorskie","city":"Ińsko"}
{"voivodeship":"łódzkie","city":"Szadek"}
{"voivodeship":"podlaskie","city":"Tykocin"}
{"voivodeship":"świętokrzyskie","city":"Osiek"}
{"voivodeship":"wielkopolskie","city":"Ostroróg"}
{"voivodeship":"mazowieckie","city":"Brok"}
{"voivodeship":"wielkopolskie","city":"Grabów nad Prosną"}
{"voivodeship":"kujawsko-pomorskie","city":"Nieszawa"}
{"voivodeship":"podkarpackie","city":"Cieszanów"}
{"voivodeship":"zachodniopomorskie","city":"Tuczno"}
{"voivodeship":"dolnośląskie","city":"Lubomierz"}
{"voivodeship":"śląskie","city":"Pilica"}
{"voivodeship":"wielkopolskie","city":"Jutrosin"}
{"voivodeship":"mazowieckie","city":"Bieżuń"}
{"voivodeship":"wielkopolskie","city":"Mikstat"}
{"voivodeship":"podlaskie","city":"Goniądz"}
{"voivodeship":"kujawsko-pomorskie","city":"Radzyń Chełmiński"}
{"voivodeship":"kujawsko-pomorskie","city":"Chodecz"}
{"voivodeship":"opolskie","city":"Korfantów"}
{"voivodeship":"świętokrzyskie","city":"Zawichost"}
{"voivodeship":"śląskie","city":"Sośnicowice"}
{"voivodeship":"podkarpackie","city":"Iwonicz-Zdrój"}
{"voivodeship":"warmińsko-mazurskie","city":"Młynary"}
{"voivodeship":"mazowieckie","city":"Mordy"}
{"voivodeship":"dolnośląskie","city":"Wleń"}
{"voivodeship":"wielkopolskie","city":"Wielichowo"}
{"voivodeship":"wielkopolskie","city":"Przedecz"}
{"voivodeship":"opolskie","city":"Ujazd"}
{"voivodeship":"podlaskie","city":"Jedwabne"}
{"voivodeship":"podkarpackie","city":"Przecław"}
{"voivodeship":"małopolskie","city":"Nowe Brzesko"}
{"voivodeship":"małopolskie","city":"Zakliczyn"}
{"voivodeship":"zachodniopomorskie","city":"Cedynia"}
{"voivodeship":"wielkopolskie","city":"Krzywiń"}
{"voivodeship":"podlaskie","city":"Rajgród"}
{"voivodeship":"zachodniopomorskie","city":"Moryń"}
{"voivodeship":"wielkopolskie","city":"Stawiszyn"}
{"voivodeship":"wielkopolskie","city":"Dolsk"}
{"voivodeship":"podkarpackie","city":"Baranów Sandomierski"}
{"voivodeship":"lubelskie","city":"Frampol"}
{"voivodeship":"podkarpackie","city":"Ulanów"}
{"voivodeship":"zachodniopomorskie","city":"Suchań"}
{"voivodeship":"wielkopolskie","city":"Dobra"}
{"voivodeship":"podkarpackie","city":"Kołaczyce"}
{"voivodeship":"kujawsko-pomorskie","city":"Górzno"}
{"voivodeship":"kujawsko-pomorskie","city":"Lubień Kujawski"}
{"voivodeship":"pomorskie","city":"Krynica Morska"}
{"voivodeship":"podlaskie","city":"Kleszczele"}
{"voivodeship":"lubuskie","city":"Szlichtyngowa"}
{"voivodeship":"świętokrzyskie","city":"Skalbmierz"}
{"voivodeship":"zachodniopomorskie","city":"Nowe Warpno"}
{"voivodeship":"podlaskie","city":"Suraż"}
{"voivodeship":"świętokrzyskie","city":"Działoszyce"}
{"voivodeship":"mazowieckie","city":"Wyśmierzyce"}
{"voivodeship":"lubelskie","city":"Siedliszcze"}
{"voivodeship":"lubelskie","city":"Modliborzyce"}
{"voivodeship":"lubelskie","city":"Urzędów"}
{"voivodeship":"lubelskie","city":"Lubycza Królewska"}
{"voivodeship":"mazowieckie","city":"Mrozy"}
{"voivodeship":"podkarpackie","city":"Zaklików"}
{"voivodeship":"pomorskie","city":"Czarna Woda"}
{"voivodeship":"świętokrzyskie","city":"Stopnica"}
{"voivodeship":"wielkopolskie","city":"Jaraczewo"}
{"voivodeship":"wielkopolskie","city":"Chocz"}
{"voivodeship":"wielkopolskie","city":"Dobrzyca"}
{"voivodeship":"zachodniopomorskie","city":"Stepnica"}
